INSERT INTO Department VALUES (1,'AIML'),(2,'CSE'),(3,'ISE'),(4,'ECE'),(5,'EEE');


INSERT INTO Project VALUES(1,'voice assistant','A voice assistant based on chat gpt api key and speech to text and text to speech model','2023-09-01','2024-05-01',1,'Ongoing');
INSERT INTO Project VALUES(2,'Stock Market','Prediction of trends in stock market using time series analysis','2023-12-01','2024-05-31',1,'Ongoing');
INSERT INTO Project VALUES(3,'Large language modle','A LLM for analysing pdf','2024-05-01','2024-08-15',2,'Planned');
INSERT INTO Project VALUES(4,'pulse analyser','It analyses the pulse and generate the report','2023-01-15','2023-08-15',4,'Complected');
INSERT INTO Project VALUES(5,'AI Attendence','A computer vision algorithm which takes the attendence of the students based on face recognition','2024-04-20','2024-08-13',3,'Planned');
INSERT INTO Project VALUES(6,'Weather sensing','sensing and displaying current weather using arduino nano','2023-11-21','2024-03-11',4,'Complected');
INSERT INTO Project VALUES(7,'College website','Inproment in college website and redusing latancy','2023-09-12','2024-02-10',3,'Complected');
INSERT INTO Project VALUES(8,'Chess game','A platform to play chess with others online','2023-10-18','2024-03-11',2,'Complected');
INSERT INTO Project VALUES(9,'AC to DC converter','A device which converts AC to DC current','2023-11-21','2024-03-12',5,'Complected');
INSERT INTO Project VALUES(10,'EV Battery','A EV battery which charges quickly and last for long time','2024-05-12','2024-10-19',5,'Planned');


INSERT INTO Team VALUES (1,'Eagles',1);
INSERT INTO Team VALUES (2,'Tigers',2);
INSERT INTO Team VALUES (3,'Cheetas',3);
INSERT INTO Team VALUES (4,'Lions',4);
INSERT INTO Team VALUES (5,'Elephants',5);
INSERT INTO Team VALUES (6,'Aligators',6);
INSERT INTO Team VALUES (7,'Whales',7);
INSERT INTO Team VALUES (8,'Sharks',8);
INSERT INTO Team VALUES (9,'Dolphins',9);
INSERT INTO Team VALUES (10,'Panthers',10);


INSERT INTO Team_members VALUES(1,'Aniruddha','AI004');
INSERT INTO Team_members VALUES(1,'Jahnavi','AI019');
INSERT INTO Team_members VALUES(2,'Rahul','AI037');
INSERT INTO Team_members VALUES(2,'Sooraj','AI047');
INSERT INTO Team_members VALUES(3,'Balwanth','CS001');
INSERT INTO Team_members VALUES(3,'Chiranth','CS005');
INSERT INTO Team_members VALUES(4,'Tejas','CS010');
INSERT INTO Team_members VALUES(4,'Yuvaraj','CS020');
INSERT INTO Team_members VALUES(5,'Soumya','IS015');
INSERT INTO Team_members VALUES(5,'Anush','IS038');
INSERT INTO Team_members VALUES(6,'Adithya','IS001');
INSERT INTO Team_members VALUES(6,'Ashwin','IS004');
INSERT INTO Team_members VALUES(7,'Kumar','EC013');
INSERT INTO Team_members VALUES(7,'Maneesh','EC019');
INSERT INTO Team_members VALUES(8,'Mallikarjun','EC039');
INSERT INTO Team_members VALUES(8,'Dayanand','EC011');
INSERT INTO Team_members VALUES(9,'Nuthan','EE009');
INSERT INTO Team_members VALUES(9,'Nitish','EE011');
INSERT INTO Team_members VALUES(10,'Manas','EE020');
INSERT INTO Team_members VALUES(10,'Nandan','EE025');

INSERT INTO Task_assigned VALUES ('AI004',1,'Development');
INSERT INTO Task_assigned VALUES ('AI019',1,'Documentation');
INSERT INTO Task_assigned VALUES ('AI037',2,'Development');
INSERT INTO Task_assigned VALUES ('AI047',2,'Documentation');
INSERT INTO Task_assigned VALUES ('CS001',3,'Development');
INSERT INTO Task_assigned VALUES ('CS005',3,'Documentation');
INSERT INTO Task_assigned VALUES ('CS010',4,'Development');
INSERT INTO Task_assigned VALUES ('CS020',4,'Documentation');
INSERT INTO Task_assigned VALUES ('IS015',5,'Development');
INSERT INTO Task_assigned VALUES ('IS038',5,'Documentation');
INSERT INTO Task_assigned VALUES ('IS001',6,'Development');
INSERT INTO Task_assigned VALUES ('IS004',6,'Documentation');
INSERT INTO Task_assigned VALUES ('EC013',7,'Development');
INSERT INTO Task_assigned VALUES ('EC019',7,'Documentation');
INSERT INTO Task_assigned VALUES ('EC039',8,'Development');
INSERT INTO Task_assigned VALUES ('EC011',8,'Documentation');
INSERT INTO Task_assigned VALUES ('EE009',9,'Development');
INSERT INTO Task_assigned VALUES ('EE011',9,'Documentation');
INSERT INTO Task_assigned VALUES ('EE020',10,'Development');
INSERT INTO Task_assigned VALUES ('EE025',10,'Documentation');


